"cpf","dataNas","dataNasS","id","login","nome","senha","serialVersionUID","xmedicoEspecialidade"
"111","","11/11/2000","3361","aaa123","aaa","123","",""
"222","","02/08/2010","2277","bbb123","bbb","123","","Esp1"
"333","","07/09/2007","1234","ccc123","ccc","123","",""
"444","","15/11/1989","3451","ddd123","ddd","123","",""
"555","","31/10/1999","2333","eee123","eee","123","","Esp2"
"111.111.111-11","","11/11/1111","2180","pedrinho","Pedro","","","Esp2.1"
"123.123.123-44","","11/11/1111","2812","pedro123","Pedro","pedro123","","Esp3"
"123.123.123-44","","11/11/1911","2147","pedro123","Fulano","123","","Esp3.1"
"144.444.444-44","","31/12/1988","2227","med123","Medico1","123","","Esp4"
"144.444.444-44","","11/11/1999","2828","med123","Med1","123","","Esp5"
"","","22/11/2000","2465","henrique158","Henrique","","","Ortopedista"
"","","22/11/2000","2386","","Henrique","","","Ortopedista"
"","","11/11/1111","3648","","HENRIQUE","","",""
"","","12/12/2222","3554","","Eduardo","","",""
"","","11/11/1111","3862","","","","",""
"","","12/12/2000","1640","","Henrique","","",""
"","","11/11/2000","3804","henrique","","","",""
"","","01/01/1110","3413","","","","",""
"","","01/02/1200","3057","","henrique","","",""
"","","11/11/1500","3810","","pedro","","",""
"","","11/11/1200","3632","","pedro","","",""
